family_code,workbook_role,worksheet_name,section_code,field_code,field_name,display_order,source_cell,source_sequence,extraction_strategy,confidence,source_profile
DEAN,configuration_and_quote,Data Sheet,PUMP_INFORMATION,SERIES_001,Series,1,C14,1,numbered_column_pairs,high,C:\Users\makorede\Downloads\Combine_partnumbering\config\compiler_profiles\dean_configuration.json
DEAN,configuration_and_quote,Data Sheet,PUMP_INFORMATION,SIZE_002,Size,2,C15,2,numbered_column_pairs,high,C:\Users\makorede\Downloads\Combine_partnumbering\config\compiler_profiles\dean_configuration.json
DEAN,configuration_and_quote,Data Sheet,PUMP_INFORMATION,PUMP_MATERIAL_003,Pump Material,3,C16,3,numbered_column_pairs,high,C:\Users\makorede\Downloads\Combine_partnumbering\config\compiler_profiles\dean_configuration.json
DEAN,configuration_and_quote,Data Sheet,PUMP_INFORMATION,CASING_MATERIAL_004,Casing Material,4,C17,4,numbered_column_pairs,high,C:\Users\makorede\Downloads\Combine_partnumbering\config\compiler_profiles\dean_configuration.json
DEAN,configuration_and_quote,Data Sheet,PUMP_INFORMATION,CASING_DRAIN_005,Casing Drain,5,C18,5,numbered_column_pairs,high,C:\Users\makorede\Downloads\Combine_partnumbering\config\compiler_profiles\dean_configuration.json
DEAN,configuration_and_quote,Data Sheet,PUMP_INFORMATION,CASING_TAPS_006,Casing Taps,6,C19,6,numbered_column_pairs,high,C:\Users\makorede\Downloads\Combine_partnumbering\config\compiler_profiles\dean_configuration.json
DEAN,configuration_and_quote,Data Sheet,PUMP_INFORMATION,CASING_GASKET_007,Casing Gasket,7,C20,7,numbered_column_pairs,high,C:\Users\makorede\Downloads\Combine_partnumbering\config\compiler_profiles\dean_configuration.json
DEAN,configuration_and_quote,Data Sheet,PUMP_INFORMATION,FLANGE_CONFIGURATION_008,Flange Configuration,8,C21,8,numbered_column_pairs,high,C:\Users\makorede\Downloads\Combine_partnumbering\config\compiler_profiles\dean_configuration.json
DEAN,configuration_and_quote,Data Sheet,PUMP_INFORMATION,SPOT_FACING_009,Spot Facing,9,C22,9,numbered_column_pairs,high,C:\Users\makorede\Downloads\Combine_partnumbering\config\compiler_profiles\dean_configuration.json
DEAN,configuration_and_quote,Data Sheet,PUMP_INFORMATION,CASING_WEAR_RINGS_010,Casing Wear Rings,10,C23,10,numbered_column_pairs,high,C:\Users\makorede\Downloads\Combine_partnumbering\config\compiler_profiles\dean_configuration.json
DEAN,configuration_and_quote,Data Sheet,PUMP_INFORMATION,TACK_WELD_WEAR_RINGS_011,Tack weld Wear Rings,11,C24,11,numbered_column_pairs,high,C:\Users\makorede\Downloads\Combine_partnumbering\config\compiler_profiles\dean_configuration.json
DEAN,configuration_and_quote,Data Sheet,PUMP_INFORMATION,CASING_MOUNTING_012,Casing Mounting,12,C25,12,numbered_column_pairs,high,C:\Users\makorede\Downloads\Combine_partnumbering\config\compiler_profiles\dean_configuration.json
DEAN,configuration_and_quote,Data Sheet,PUMP_INFORMATION,SEAL_CHAMBER_CONFIG_013,Seal Chamber Config,13,C26,13,numbered_column_pairs,high,C:\Users\makorede\Downloads\Combine_partnumbering\config\compiler_profiles\dean_configuration.json
DEAN,configuration_and_quote,Data Sheet,PUMP_INFORMATION,SHIPPING_GASKET_014,Shipping Gasket,14,C27,14,numbered_column_pairs,high,C:\Users\makorede\Downloads\Combine_partnumbering\config\compiler_profiles\dean_configuration.json
DEAN,configuration_and_quote,Data Sheet,PUMP_INFORMATION,CASING_HEAT_JACKET_015,Casing Heat Jacket,15,C28,15,numbered_column_pairs,high,C:\Users\makorede\Downloads\Combine_partnumbering\config\compiler_profiles\dean_configuration.json
DEAN,configuration_and_quote,Data Sheet,IMPELLER,IMPELLER_TRIM_016,Impeller Trim,16,C31,16,numbered_column_pairs,high,C:\Users\makorede\Downloads\Combine_partnumbering\config\compiler_profiles\dean_configuration.json
DEAN,configuration_and_quote,Data Sheet,IMPELLER,IMPELLER_BALANCE_017,Impeller Balance,17,C32,17,numbered_column_pairs,high,C:\Users\makorede\Downloads\Combine_partnumbering\config\compiler_profiles\dean_configuration.json
DEAN,configuration_and_quote,Data Sheet,IMPELLER,IMPELLER_MATERIAL_018,Impeller Material,18,C33,18,numbered_column_pairs,high,C:\Users\makorede\Downloads\Combine_partnumbering\config\compiler_profiles\dean_configuration.json
DEAN,configuration_and_quote,Data Sheet,IMPELLER,IMP_WEAR_RING_MAT_019,Imp. Wear Ring Mat.,19,C34,19,numbered_column_pairs,high,C:\Users\makorede\Downloads\Combine_partnumbering\config\compiler_profiles\dean_configuration.json
DEAN,configuration_and_quote,Data Sheet,POWER_FRAME,SHAFT_CONFIGURATION_020,Shaft Configuration,20,C36,20,numbered_column_pairs,high,C:\Users\makorede\Downloads\Combine_partnumbering\config\compiler_profiles\dean_configuration.json
DEAN,configuration_and_quote,Data Sheet,POWER_FRAME,SHAFT_MATERIAL_021,Shaft Material,21,C37,21,numbered_column_pairs,high,C:\Users\makorede\Downloads\Combine_partnumbering\config\compiler_profiles\dean_configuration.json
DEAN,configuration_and_quote,Data Sheet,POWER_FRAME,LUBRICATION_OPTIONS_022,Lubrication Options,22,C38,22,numbered_column_pairs,high,C:\Users\makorede\Downloads\Combine_partnumbering\config\compiler_profiles\dean_configuration.json
DEAN,configuration_and_quote,Data Sheet,POWER_FRAME,OIL_SEAL_023,Oil Seal,23,C39,23,numbered_column_pairs,high,C:\Users\makorede\Downloads\Combine_partnumbering\config\compiler_profiles\dean_configuration.json
DEAN,configuration_and_quote,Data Sheet,POWER_FRAME,OILER_OPTIONS_024,Oiler Options,24,C40,24,numbered_column_pairs,high,C:\Users\makorede\Downloads\Combine_partnumbering\config\compiler_profiles\dean_configuration.json
DEAN,configuration_and_quote,Data Sheet,POWER_FRAME,SIGHT_GLASS_025,Sight Glass,25,C41,25,numbered_column_pairs,high,C:\Users\makorede\Downloads\Combine_partnumbering\config\compiler_profiles\dean_configuration.json
DEAN,configuration_and_quote,Data Sheet,POWER_FRAME,BEARING_FRAME_COOLING_026,Bearing Frame Cooling,26,C42,26,numbered_column_pairs,high,C:\Users\makorede\Downloads\Combine_partnumbering\config\compiler_profiles\dean_configuration.json
DEAN,configuration_and_quote,Data Sheet,POWER_FRAME,MAGNETIC_DRAIN_027,Magnetic Drain,27,C43,27,numbered_column_pairs,high,C:\Users\makorede\Downloads\Combine_partnumbering\config\compiler_profiles\dean_configuration.json
DEAN,configuration_and_quote,Data Sheet,POWER_FRAME,EXPANSION_CHAMBER_028,Expansion Chamber,28,C44,28,numbered_column_pairs,high,C:\Users\makorede\Downloads\Combine_partnumbering\config\compiler_profiles\dean_configuration.json
DEAN,configuration_and_quote,Data Sheet,COUPLING,COUPLING_TYPE_029,Coupling Type,29,C46,29,numbered_column_pairs,high,C:\Users\makorede\Downloads\Combine_partnumbering\config\compiler_profiles\dean_configuration.json
DEAN,configuration_and_quote,Data Sheet,COUPLING,COUPLING_GUARD_030,Coupling Guard,30,C47,30,numbered_column_pairs,high,C:\Users\makorede\Downloads\Combine_partnumbering\config\compiler_profiles\dean_configuration.json
DEAN,configuration_and_quote,Data Sheet,PUMP_SEAL,SEAL_OPTION_031,Seal Option,31,C49,31,numbered_column_pairs,high,C:\Users\makorede\Downloads\Combine_partnumbering\config\compiler_profiles\dean_configuration.json
DEAN,configuration_and_quote,Data Sheet,PUMP_SEAL,SEAL_MANUFACTURER_032,Seal Manufacturer,32,C50,32,numbered_column_pairs,high,C:\Users\makorede\Downloads\Combine_partnumbering\config\compiler_profiles\dean_configuration.json
DEAN,configuration_and_quote,Data Sheet,PUMP_SEAL,SEAL_CONFIGURATION_033,Seal Configuration,33,C51,33,numbered_column_pairs,high,C:\Users\makorede\Downloads\Combine_partnumbering\config\compiler_profiles\dean_configuration.json
DEAN,configuration_and_quote,Data Sheet,PUMP_SEAL,SEAL_TYPE_034,Seal Type,34,C52,34,numbered_column_pairs,high,C:\Users\makorede\Downloads\Combine_partnumbering\config\compiler_profiles\dean_configuration.json
DEAN,configuration_and_quote,Data Sheet,PUMP_SEAL,GLAND_TYPE_035,Gland Type,35,C53,35,numbered_column_pairs,high,C:\Users\makorede\Downloads\Combine_partnumbering\config\compiler_profiles\dean_configuration.json
DEAN,configuration_and_quote,Data Sheet,PUMP_SEAL,GLAND_GASKET_036,Gland Gasket,36,C54,36,numbered_column_pairs,high,C:\Users\makorede\Downloads\Combine_partnumbering\config\compiler_profiles\dean_configuration.json
DEAN,configuration_and_quote,Data Sheet,PUMP_SEAL,SHAFT_SLEEVE_MATERIAL_037,Shaft Sleeve Material,37,C55,37,numbered_column_pairs,high,C:\Users\makorede\Downloads\Combine_partnumbering\config\compiler_profiles\dean_configuration.json
DEAN,configuration_and_quote,Data Sheet,PUMP_SEAL,INBOARD_ROTATING_FACE_MATERIAL_038,Inboard Rotating Face Material,38,C56,38,numbered_column_pairs,high,C:\Users\makorede\Downloads\Combine_partnumbering\config\compiler_profiles\dean_configuration.json
DEAN,configuration_and_quote,Data Sheet,PUMP_SEAL,INBOARD_STATIONARY_FACE_MATERIAL_039,Inboard Stationary Face Material,39,C57,39,numbered_column_pairs,high,C:\Users\makorede\Downloads\Combine_partnumbering\config\compiler_profiles\dean_configuration.json
DEAN,configuration_and_quote,Data Sheet,PUMP_SEAL,IF_ISNUMBER_SEARCH_TYPE_9_D52_INBOARD_HARDWARE_ELASTOMERS_INBOARD_SEAL_ELASTOMERS_040,"=IF(ISNUMBER(SEARCH(""Type 9"",D52)),""Inboard Hardware / Elastomers"", ""Inboard Seal Elastomers"")",40,C58,40,numbered_column_pairs,high,C:\Users\makorede\Downloads\Combine_partnumbering\config\compiler_profiles\dean_configuration.json
DEAN,configuration_and_quote,Data Sheet,PUMP_SEAL,OUTBOARD_ROTATING_FACE_MATERIAL_041,Outboard Rotating Face Material,41,C59,41,numbered_column_pairs,high,C:\Users\makorede\Downloads\Combine_partnumbering\config\compiler_profiles\dean_configuration.json
DEAN,configuration_and_quote,Data Sheet,PUMP_SEAL,OUTBOARD_STATIONARY_FACE_MATERIAL_042,Outboard Stationary Face Material,42,C60,42,numbered_column_pairs,high,C:\Users\makorede\Downloads\Combine_partnumbering\config\compiler_profiles\dean_configuration.json
DEAN,configuration_and_quote,Data Sheet,PUMP_SEAL,IF_ISNUMBER_SEARCH_TYPE_9_D52_OUTBOARD_HARDWARE_ELASTOMERS_OUTBOARD_SEAL_ELASTOMERS_043,"=IF(ISNUMBER(SEARCH(""Type 9"",D52)),""Outboard Hardware / Elastomers"", ""Outboard Seal Elastomers"")",43,C61,43,numbered_column_pairs,high,C:\Users\makorede\Downloads\Combine_partnumbering\config\compiler_profiles\dean_configuration.json
DEAN,configuration_and_quote,Data Sheet,PUMP_SEAL,HYDROPADS_044,Hydropads,44,C62,44,numbered_column_pairs,high,C:\Users\makorede\Downloads\Combine_partnumbering\config\compiler_profiles\dean_configuration.json
DEAN,configuration_and_quote,Data Sheet,PUMP_SEAL,PUMPING_RING_045,Pumping Ring,45,C63,45,numbered_column_pairs,high,C:\Users\makorede\Downloads\Combine_partnumbering\config\compiler_profiles\dean_configuration.json
DEAN,configuration_and_quote,Data Sheet,PUMP_SEAL,THROTTLE_BUSHING_046,Throttle Bushing,46,C64,46,numbered_column_pairs,high,C:\Users\makorede\Downloads\Combine_partnumbering\config\compiler_profiles\dean_configuration.json
DEAN,configuration_and_quote,Data Sheet,PUMP_SEAL,MIN_FLO_BUSHING_047,Min Flo Bushing,47,C65,47,numbered_column_pairs,high,C:\Users\makorede\Downloads\Combine_partnumbering\config\compiler_profiles\dean_configuration.json
DEAN,configuration_and_quote,Data Sheet,PUMP_SEAL,LANTERN_RING_048,Lantern Ring,48,C66,48,numbered_column_pairs,high,C:\Users\makorede\Downloads\Combine_partnumbering\config\compiler_profiles\dean_configuration.json
DEAN,configuration_and_quote,Data Sheet,FLUSH_BARRIER_COOLING,FLUSH_PLAN_049,Flush Plan,49,F14,49,numbered_column_pairs,high,C:\Users\makorede\Downloads\Combine_partnumbering\config\compiler_profiles\dean_configuration.json
DEAN,configuration_and_quote,Data Sheet,FLUSH_BARRIER_COOLING,BARRIER_PLAN_050,Barrier Plan,50,F19,50,numbered_column_pairs,high,C:\Users\makorede\Downloads\Combine_partnumbering\config\compiler_profiles\dean_configuration.json
DEAN,configuration_and_quote,Data Sheet,FLUSH_BARRIER_COOLING,BARRIER_PLAN_EXTRAS_051,Barrier Plan Extras,51,F24,51,numbered_column_pairs,high,C:\Users\makorede\Downloads\Combine_partnumbering\config\compiler_profiles\dean_configuration.json
DEAN,configuration_and_quote,Data Sheet,FLUSH_BARRIER_COOLING,COOLING_PLAN_052,Cooling Plan,52,F25,52,numbered_column_pairs,high,C:\Users\makorede\Downloads\Combine_partnumbering\config\compiler_profiles\dean_configuration.json
DEAN,configuration_and_quote,Data Sheet,FLUSH_BARRIER_COOLING,COOLING_PLAN_PIPING_054,Cooling Plan Piping,54,F26,54,numbered_column_pairs,high,C:\Users\makorede\Downloads\Combine_partnumbering\config\compiler_profiles\dean_configuration.json
DEAN,configuration_and_quote,Data Sheet,FLUSH_BARRIER_COOLING,COOLING_PLAN_EXTRAS_055,Cooling Plan Extras,55,F27,55,numbered_column_pairs,high,C:\Users\makorede\Downloads\Combine_partnumbering\config\compiler_profiles\dean_configuration.json
DEAN,configuration_and_quote,Data Sheet,MOTOR,MOTOR_OPTIONS_056,Motor Options,56,F29,56,numbered_column_pairs,high,C:\Users\makorede\Downloads\Combine_partnumbering\config\compiler_profiles\dean_configuration.json
DEAN,configuration_and_quote,Data Sheet,MOTOR,MOTOR_CONTROL_057,Motor Control,57,F31,57,numbered_column_pairs,high,C:\Users\makorede\Downloads\Combine_partnumbering\config\compiler_profiles\dean_configuration.json
DEAN,configuration_and_quote,Data Sheet,MOTOR,POWER_HP_058,Power [HP],58,F32,58,numbered_column_pairs,high,C:\Users\makorede\Downloads\Combine_partnumbering\config\compiler_profiles\dean_configuration.json
DEAN,configuration_and_quote,Data Sheet,MOTOR,SPEED_059,Speed,59,F33,59,numbered_column_pairs,high,C:\Users\makorede\Downloads\Combine_partnumbering\config\compiler_profiles\dean_configuration.json
DEAN,configuration_and_quote,Data Sheet,MOTOR,VOLTAGE_060,Voltage,60,F34,60,numbered_column_pairs,high,C:\Users\makorede\Downloads\Combine_partnumbering\config\compiler_profiles\dean_configuration.json
DEAN,configuration_and_quote,Data Sheet,MOTOR,PHASE_HERTZ_061,Phase/Hertz,61,F35,61,numbered_column_pairs,high,C:\Users\makorede\Downloads\Combine_partnumbering\config\compiler_profiles\dean_configuration.json
DEAN,configuration_and_quote,Data Sheet,MOTOR,FRAME_062,Frame,62,F36,62,numbered_column_pairs,high,C:\Users\makorede\Downloads\Combine_partnumbering\config\compiler_profiles\dean_configuration.json
DEAN,configuration_and_quote,Data Sheet,MOTOR,ENCLOSURE_063,Enclosure,63,F37,63,numbered_column_pairs,high,C:\Users\makorede\Downloads\Combine_partnumbering\config\compiler_profiles\dean_configuration.json
DEAN,configuration_and_quote,Data Sheet,MOTOR,EFFICIENCY_064,Efficiency,64,F38,64,numbered_column_pairs,high,C:\Users\makorede\Downloads\Combine_partnumbering\config\compiler_profiles\dean_configuration.json
DEAN,configuration_and_quote,Data Sheet,MOTOR,C_FACE_ADAPTER_OPTION_065,C Face Adapter Option,65,F39,65,numbered_column_pairs,high,C:\Users\makorede\Downloads\Combine_partnumbering\config\compiler_profiles\dean_configuration.json
DEAN,configuration_and_quote,Data Sheet,MOTOR,MANUFACTURER_066,Manufacturer,66,F40,66,numbered_column_pairs,high,C:\Users\makorede\Downloads\Combine_partnumbering\config\compiler_profiles\dean_configuration.json
DEAN,configuration_and_quote,Data Sheet,MOTOR,CUSTOM_OPTION_1_067,Custom Option 1,67,F41,67,numbered_column_pairs,high,C:\Users\makorede\Downloads\Combine_partnumbering\config\compiler_profiles\dean_configuration.json
DEAN,configuration_and_quote,Data Sheet,MOTOR,CUSTOM_OPTION_2_068,Custom Option 2,68,F42,68,numbered_column_pairs,high,C:\Users\makorede\Downloads\Combine_partnumbering\config\compiler_profiles\dean_configuration.json
DEAN,configuration_and_quote,Data Sheet,MOTOR,CUSTOM_OPTION_3_069,Custom Option 3,69,F43,69,numbered_column_pairs,high,C:\Users\makorede\Downloads\Combine_partnumbering\config\compiler_profiles\dean_configuration.json
DEAN,configuration_and_quote,Data Sheet,MOTOR,DRIP_COVER_070,Drip Cover,70,F44,70,numbered_column_pairs,high,C:\Users\makorede\Downloads\Combine_partnumbering\config\compiler_profiles\dean_configuration.json
DEAN,configuration_and_quote,Data Sheet,MOTOR,CONDUIT_BOX_071,Conduit Box,71,F45,71,numbered_column_pairs,high,C:\Users\makorede\Downloads\Combine_partnumbering\config\compiler_profiles\dean_configuration.json
DEAN,configuration_and_quote,Data Sheet,BASEPLATE,BASEPLATE_TYPE_072,Baseplate Type,72,F47,72,numbered_column_pairs,high,C:\Users\makorede\Downloads\Combine_partnumbering\config\compiler_profiles\dean_configuration.json
DEAN,configuration_and_quote,Data Sheet,BASEPLATE,DRIP_PAN_073,Drip Pan,73,F48,73,numbered_column_pairs,high,C:\Users\makorede\Downloads\Combine_partnumbering\config\compiler_profiles\dean_configuration.json
DEAN,configuration_and_quote,Data Sheet,BASEPLATE,ALIGNMENT_LUGS_074,Alignment Lugs,74,F49,74,numbered_column_pairs,high,C:\Users\makorede\Downloads\Combine_partnumbering\config\compiler_profiles\dean_configuration.json
DEAN,configuration_and_quote,Data Sheet,BASEPLATE,LIFTING_LUGS_075,Lifting Lugs,75,F50,75,numbered_column_pairs,high,C:\Users\makorede\Downloads\Combine_partnumbering\config\compiler_profiles\dean_configuration.json
DEAN,configuration_and_quote,Data Sheet,BASEPLATE,LEVELLING_SCREWS_076,Levelling Screws,76,F51,76,numbered_column_pairs,high,C:\Users\makorede\Downloads\Combine_partnumbering\config\compiler_profiles\dean_configuration.json
DEAN,configuration_and_quote,Data Sheet,BASEPLATE,GROUNDING_LUG_077,Grounding Lug,77,F52,77,numbered_column_pairs,high,C:\Users\makorede\Downloads\Combine_partnumbering\config\compiler_profiles\dean_configuration.json
DEAN,configuration_and_quote,Data Sheet,BASEPLATE,GROUT_HOLE_078,Grout Hole,78,F53,78,numbered_column_pairs,high,C:\Users\makorede\Downloads\Combine_partnumbering\config\compiler_profiles\dean_configuration.json
DEAN,configuration_and_quote,Data Sheet,BASEPLATE,ISOLATION_PADS_079,Isolation Pads,79,F54,79,numbered_column_pairs,high,C:\Users\makorede\Downloads\Combine_partnumbering\config\compiler_profiles\dean_configuration.json
DEAN,configuration_and_quote,Data Sheet,BASEPLATE,STILTS_080,Stilts,80,F55,80,numbered_column_pairs,high,C:\Users\makorede\Downloads\Combine_partnumbering\config\compiler_profiles\dean_configuration.json
DEAN,configuration_and_quote,Data Sheet,TESTING_DOCUMENTATION,PERFORMANCE_TESTING_081,Performance Testing,81,F57,81,numbered_column_pairs,high,C:\Users\makorede\Downloads\Combine_partnumbering\config\compiler_profiles\dean_configuration.json
DEAN,configuration_and_quote,Data Sheet,TESTING_DOCUMENTATION,HYDRO_TEST_082,Hydro Test,82,F58,82,numbered_column_pairs,high,C:\Users\makorede\Downloads\Combine_partnumbering\config\compiler_profiles\dean_configuration.json
DEAN,configuration_and_quote,Data Sheet,TESTING_DOCUMENTATION,VIBRATION_083,Vibration,83,F59,83,numbered_column_pairs,high,C:\Users\makorede\Downloads\Combine_partnumbering\config\compiler_profiles\dean_configuration.json
DEAN,configuration_and_quote,Data Sheet,TESTING_DOCUMENTATION,SOUND_LEVEL_084,Sound Level,84,F60,84,numbered_column_pairs,high,C:\Users\makorede\Downloads\Combine_partnumbering\config\compiler_profiles\dean_configuration.json
DEAN,configuration_and_quote,Data Sheet,TESTING_DOCUMENTATION,GENERAL_INSPECTION_085,General Inspection,85,F61,85,numbered_column_pairs,high,C:\Users\makorede\Downloads\Combine_partnumbering\config\compiler_profiles\dean_configuration.json
DEAN,configuration_and_quote,Data Sheet,TESTING_DOCUMENTATION,DOCUMENTATION_1_086,Documentation 1,86,F62,86,numbered_column_pairs,high,C:\Users\makorede\Downloads\Combine_partnumbering\config\compiler_profiles\dean_configuration.json
DEAN,configuration_and_quote,Data Sheet,TESTING_DOCUMENTATION,DOCUMENTATION_2_087,Documentation 2,87,F63,87,numbered_column_pairs,high,C:\Users\makorede\Downloads\Combine_partnumbering\config\compiler_profiles\dean_configuration.json
DEAN,configuration_and_quote,Data Sheet,TESTING_DOCUMENTATION,DOCUMENTATION_3_088,Documentation 3,88,F64,88,numbered_column_pairs,high,C:\Users\makorede\Downloads\Combine_partnumbering\config\compiler_profiles\dean_configuration.json
DEAN,configuration_and_quote,Data Sheet,TESTING_DOCUMENTATION,DOCUMENTATION_4_089,Documentation 4,89,F65,89,numbered_column_pairs,high,C:\Users\makorede\Downloads\Combine_partnumbering\config\compiler_profiles\dean_configuration.json
DEAN,configuration_and_quote,Data Sheet,ADDITIONAL_OPTIONS,PAINT_090,Paint,90,F67,90,numbered_column_pairs,high,C:\Users\makorede\Downloads\Combine_partnumbering\config\compiler_profiles\dean_configuration.json
DEAN,configuration_and_quote,Data Sheet,ADDITIONAL_OPTIONS,COATING_091,Coating,91,F68,91,numbered_column_pairs,high,C:\Users\makorede\Downloads\Combine_partnumbering\config\compiler_profiles\dean_configuration.json
DEAN,configuration_and_quote,Data Sheet,ADDITIONAL_OPTIONS,AUXILIARY_NAMEPLATE_092,Auxiliary Nameplate,92,F69,92,numbered_column_pairs,high,C:\Users\makorede\Downloads\Combine_partnumbering\config\compiler_profiles\dean_configuration.json
DEAN,configuration_and_quote,Data Sheet,ADDITIONAL_OPTIONS,CRATING_093,Crating,93,F70,93,numbered_column_pairs,high,C:\Users\makorede\Downloads\Combine_partnumbering\config\compiler_profiles\dean_configuration.json
FYBROC,configuration_and_hex_mapping,Smart Number,PRIMARY_CONFIGURATION,SERIES,Series,10,E,,column_workflow,high,C:\Users\makorede\Downloads\Combine_partnumbering\config\compiler_profiles\fybroc_configuration.json
FYBROC,configuration_and_hex_mapping,Smart Number,PRIMARY_CONFIGURATION,SIZE,Size,20,F,,column_workflow,high,C:\Users\makorede\Downloads\Combine_partnumbering\config\compiler_profiles\fybroc_configuration.json
FYBROC,configuration_and_hex_mapping,Smart Number,PRIMARY_CONFIGURATION,PUMP_MATERIAL,Pump Material,30,G,,column_workflow,high,C:\Users\makorede\Downloads\Combine_partnumbering\config\compiler_profiles\fybroc_configuration.json
FYBROC,configuration_and_hex_mapping,Smart Number,PRIMARY_CONFIGURATION,IMPELLER_TRIM,Impeller Trim,40,H:I,,column_workflow,high,C:\Users\makorede\Downloads\Combine_partnumbering\config\compiler_profiles\fybroc_configuration.json
FYBROC,configuration_and_hex_mapping,Smart Number,PUMP_OPTIONS,PUMP_OPTIONS,Pump Options,50,J:K:L:M,,column_workflow,high,C:\Users\makorede\Downloads\Combine_partnumbering\config\compiler_profiles\fybroc_configuration.json
FYBROC,configuration_and_hex_mapping,Smart Number,SEAL_ASSEMBLY,COMPLETE_SEAL_ASSEMBLY,Complete Seal Assembly,60,N:O,,column_workflow,high,C:\Users\makorede\Downloads\Combine_partnumbering\config\compiler_profiles\fybroc_configuration.json
FYBROC,configuration_and_hex_mapping,Smart Number,OPTIONS,OPTIONS,Options,70,P:Q,,column_workflow,high,C:\Users\makorede\Downloads\Combine_partnumbering\config\compiler_profiles\fybroc_configuration.json
FYBROC,configuration_and_hex_mapping,Smart Number,MOTOR_ASSEMBLY,MOTOR_ASSEMBLY,Motor Assembly,80,R:S:T,,column_workflow,high,C:\Users\makorede\Downloads\Combine_partnumbering\config\compiler_profiles\fybroc_configuration.json
FYBROC,configuration_and_hex_mapping,Smart Number,MOTOR_MODIFICATIONS,MOTOR_MODIFICATIONS,Motor Modifications,90,U:V:W,,column_workflow,high,C:\Users\makorede\Downloads\Combine_partnumbering\config\compiler_profiles\fybroc_configuration.json
FYBROC,configuration_and_hex_mapping,Smart Number,TEST,TEST,Test,100,X:Y,,column_workflow,high,C:\Users\makorede\Downloads\Combine_partnumbering\config\compiler_profiles\fybroc_configuration.json
